description,ids
tRNA-Phe,300852
mRNA,300852
mRNA,300852
tRNA-Phe,300852
tRNA-fMet,300852
tRNA-Phe,300852
tRNA-Phe,300852
tRNA-fMet,300852
P-site tRNA,9986
mRNA,9986
TRNA-FMET,"300852,1110693"
TRNA-FMET,"300852,1110693"
TRNA-LEU,"300852,1110693"
MRNA,"300852,1110693"
TRNA-LEU,"300852,1110693"
TRNA-FMET,"300852,1110693"
TRNA-FMET,"300852,1110693"
MRNA,"300852,1110693"
tRNA-Tyr,300852
mRNA,300852
mRNA,300852
tRNA-Tyr,300852
tRNA-fMET,300852
tRNA-Tyr,300852
tRNA-Tyr,300852
tRNA-fMET,300852
P AND A-SITE PHE-TRNA PHE,300852
P AND A-SITE PHE-TRNA PHE,300852
P AND A-SITE PHE-TRNA PHE,300852
MRNA,300852
MRNA,300852
E-SITE TRNA PHE,300852
P AND A-SITE PHE-TRNA PHE,300852
E-SITE TRNA PHE,300852
HUMAN INITIATOR MET-TRNA-I,9606
mRNA,300852
E. coli tRNAPhe,300852
E. coli tRNAPhe,300852
E. coli tRNAPhe,300852
E. coli tRNAPhe,300852
E. coli tRNAPhe,300852
E. coli tRNAPhe,300852
E. coli tRNAPhe,300852
mRNA,300852
VIRGINIAMYCIN S1,"562,1961"
E-site tRNA,1280
"Translation initiation factor IF-3, mitochondrial","9606,469008"
"Translation initiation factor IF-2, mitochondrial","9606,469008"
tRNA CCA end (5'-R(P*CP*CP*A)-3'),562
Elongation factor G,"262724,1883"
Elongation factor G,"262724,1883"
Viomycin,"262724,1883"
Viomycin,"262724,1883"
tRNA-Met,"262724,1883"
messenger RNA,"262724,1883"
tRNA-Met,"262724,1883"
messenger RNA,"262724,1883"
E-site tRNA,300852
P-site tRNA,300852
P-site tRNA,300852
Cytidine-Puromycin,300852
mRNA,300852
mRNA,300852
E-site tRNA,300852
Cytidine-Puromycin,300852
Apidaecin,"562,7460"
Peptide chain release factor RF1,"562,7460"
Peptide chain release factor RF3,"562,7460"
mRNA,"562,7460"
fMet-tRNA,"562,7460"
DDB1- and CUL4-associated factor 13,9606
Bystin,9606
A-site tRNA,3039
A-tRNA,3039
P-tRNA,3039
E-tRNA,3039
mitochondrial tRNAVal,"9606,469008"
tRNAfMet,300852
tRNAArg,300852
tRNAArg,300852
tRNAfMet,300852
mRNA,300852
mRNA,300852
tRNAArg,300852
tRNAArg,300852
mRNA,83333
tRNAfMet,83333
tRNAPro,83333
tRNAfMet,83333
Eukaryotic translation initiation factor 6,559292
Ribosome assembly factor MRT4,559292
A/P-site tRNA,300852
E-site tRNA,300852
A/P-site tRNA,300852
E-site tRNA,300852
mRNA,300852
mRNA,300852
A/P-site tRNA,300852
A/P-site tRNA,300852
mRNA,"83333,10665"
P-site tRNA-Gly,"83333,10665"
Eukaryotic translation initiation factor 6,559292
P-site tRNA,300852
P-site tRNA,300852
A-site and E-site tRNAs,300852
A-site and E-site tRNAs,300852
A-site and E-site tRNAs,300852
mRNA,300852
mRNA,300852
A-site and E-site tRNAs,300852
Eukaryotic translation initiation factor 5A-1,559292
mt-tRNAVal,9606
mt-tRNA,9606
mt-tRNA,9606
mt-tRNA,9606
mRNA,9606
P-site Phe-tRNA(Phe),"9986,2697049"
E-site tRNA,"9986,2697049"
mRNA containing SARS-CoV-2 sequence,"9986,2697049"
A/P-site tRNA,4932
mRNA,4932
P/E-site tRNA,4932
messenger RNA,300852
messenger RNA,300852
P-site tRNA fMet,300852
tRNA acceptor end mimic,300852
P-site tRNA fMet,300852
tRNA acceptor end mimic,300852
Eukaryotic translation initiation factor 6,4932
Cytoplasmic 60S subunit biogenesis factor REH1,4932
P-site tRNA,"83333,562,83334"
mRNA,"83333,562,83334"
deacylated A/R-tRNA,"83333,562,83334"
tRNA,83333
tRNA,83333
mRNA,83333
Elongation factor 2,559292
Transfer RNA - Phe,559292
Messenger RNA,559292
Eukaryotic translation initiation factor 2 subunit 1,9606
Eukaryotic translation initiation factor 3 subunit K,9606
Eukaryotic translation initiation factor 3 subunit D,9606
"Eukaryotic translation initiation factor 3 subunit C,Eukaryotic translation initiation factor 3 subunit C,Eukaryotic translation initiation factor 3 subunit C",9606
Eukaryotic translation initiation factor 3 subunit H,9606
Eukaryotic translation initiation factor 3 subunit F,9606
Eukaryotic translation initiation factor 3 subunit B,9606
Eukaryotic translation initiation factor 1,9606
"Eukaryotic translation initiation factor 1A, X-chromosomal",9606
Eukaryotic translation initiation factor 3 subunit L,9606
Eukaryotic translation initiation factor 3 subunit E,9606
Eukaryotic translation initiation factor 3 subunit I,9606
Eukaryotic translation initiation factor 3 subunit A,9606
Eukaryotic translation initiation factor 2 subunit 3,9606
Eukaryotic translation initiation factor 2 subunit 2,9606
Eukaryotic translation initiation factor 3 subunit M,9606
tRNA,9606
Eukaryotic translation initiation factor 6,9606
Dityromycin,"300852,469008,1931"
Dityromycin,"300852,469008,1931"
P-site tRNA,"300852,469008,1931"
mRNA,"300852,469008,1931"
P-site tRNA,"300852,469008,1931"
P-site tRNA,"300852,469008,1931"
P-site tRNA,"300852,469008,1931"
mRNA,"300852,469008,1931"
mRNA fragment,246196
P/P-site Phe-tRNA(Phe),246196
Elongation factor G,"83333,866768"
mRNA,"83333,866768"
tRNAPro,"83333,866768"
tRNAfMet,"83333,866768"
"Transcription termination factor 4, mitochondrial",9606
mitochondrial tRNAVal,9606
mRNA,"9986,9606,562"
P-site tRNA,"9986,9606,562"
Peptide chain release factor 1,562
mRNA,562
P-tRNA,562
E-site tRNA,9606
mt-tRNAVal,9606
Eukaryotic translation initiation factor 6,9606
E-site and P-site tRNA (fMet),562
E-site and P-site tRNA (fMet),562
mRNA with 30 nt long spacer,562
P-site tRNA,562
tmRNA,562
mRNA,300852
tRNA-Lys,300852
tRNA-Lys,300852
tRNA-Lys,300852
tRNA-fMet,300852
tRNA-Lys,300852
tRNA-fMet,300852
mRNA,300852
tRNAfMet,562
tRNAPhe,562
tRNAfMet,562
mRNA,562
tRNA-CCA,562
Peptide chain release factor 2,"83333,562"
Alternative ribosome-rescue factor A,"83333,562"
P-site or E-site fMet-tRNA(fMet),"83333,562"
mRNA,"83333,562"
P-site or E-site fMet-tRNA(fMet),"83333,562"
mRNA,"83333,469008"
tRNAfMet,"83333,469008"
"Ribosome-recycling factor, mitochondrial",9606
"Ribosome-releasing factor 2, mitochondrial",9606
tRNAval,9606
mRNA A-site fragment,300852
tRNA ASL Escherichia coli Arg2,300852
Transfer RNA,4932
Transfer RNA,4932
"Midasin,Midasin","759272,562,469008"
"Midasin,Midasin","759272,562,469008"
mRNA,300852
tRNA-Tyr,300852
tRNA-Tyr,300852
tRNA-Tyr,300852
mRNA,300852
tRNA-Tyr,300852
messenger RNA,300852
messenger RNA,300852
P-site tRNA fMet,300852
P-site tRNA fMet,300852
P-tRNA,"9986,9606,562"
tRNA,262724
tRNA,262724
tRNA,262724
mRNA,262724
mRNA,262724
tRNA,262724
Ribosome assembly factor MRT4,559292
Eukaryotic translation initiation factor 6,559292
mitochondrial Val tRNA,9606
mitochondrial tRNA,9606
tRNA,9606
tRNA,9606
mRNA,9606
tRNA-Phe,5661
mRNA,5661
E-site tRNA,5661
P-site tRNA,5661
Mitochondrial tRNAVal,9606
Val tRNA,9986
tRNAThr,300852
tRNAThr,300852
mRNA,300852
tRNAThr,300852
tRNAfMet,300852
tRNAThr,300852
mRNA,300852
tRNAfMet,300852
P-site tRNA,"83333,1351"
mRNA,"83333,1351"
Eukaryotic translation initiation factor 3 subunit L,9986
Eukaryotic translation initiation factor 3 subunit M,9986
Eukaryotic translation initiation factor 3 subunit E,9986
Eukaryotic translation initiation factor 3 subunit H,9986
Eukaryotic translation initiation factor 3 subunit A,9986
Eukaryotic translation initiation factor 3 subunit K,9986
Eukaryotic translation initiation factor 3 subunit F,9986
Eukaryotic translation initiation factor 3 subunit D,9986
Eukaryotic translation initiation factor 3 subunit C,9986
Elongation factor Tu 2,562
tRNA-fMet,562
mRNA,562
Phe-tRNA-Phe,562
tRNA-fMet,562
eukaryotic elongation factor 2 (eEF2),9986
mRNA,9986
pe/E-site-tRNA,9986
ap/P-site tRNA,9986
Midasin,"759272,469008"
Metalnikowin-1,"300852,55431"
Metalnikowin-1,"300852,55431"
mRNA,"300852,55431"
P-site tRNA,"300852,55431"
mRNA,"300852,55431"
P-site tRNA,"300852,55431"
mRNA,"300852,469008"
mRNA,"300852,469008"
P-site tRNA,"300852,469008"
P-site tRNA,"300852,469008"
tRNALys,"300852,274"
E. coli tRNAfMet,"300852,274"
E. coli tRNAfMet,"300852,274"
mRNA,"300852,274"
mRNA,"300852,274"
tRNALys,"300852,274"
tRNALys,"300852,274"
tRNALys,"300852,274"
Eukaryotic translation initiation factor 6,559292
Ribosome assembly factor MRT4,559292
mRNA,300852
mRNA,300852
tRNA-Leu,300852
tRNA-Leu,300852
tRNA-Leu,300852
tRNA-Leu,300852
tRNA-Leu,300852
tRNA-Leu,300852
P-site tRNAfMet,300852
E-site tRNAAla(GGC),300852
P-site tRNAfMet,300852
A-site tRNAAla(GGC),300852
E-site tRNAAla(GGC),300852
A-site tRNAAla(GGC),300852
mRNA,300852
mRNA,300852
mRNA,300852
mRNA,300852
P-site tRNA,300852
P-site tRNA,300852
E-site tRNA,"9986,2697049"
mRNA containing SARS-CoV-2 sequence,"9986,2697049"
P-site Phe-tRNA(Phe),"9986,2697049"
A-site and E-site tRNAs,300852
P-site tRNA,300852
mRNA,300852
A-site and E-site tRNAs,300852
A-site and E-site tRNAs,300852
A-site and E-site tRNAs,300852
mRNA,300852
P-site tRNA,300852
Toxin YoeB,"300852,562,469008"
Toxin YoeB,"300852,562,469008"
capreomycin IA,"300852,67351"
capreomycin IA,"300852,67351"
tRNA-Gln,"300852,67351"
tRNA-Met,"300852,67351"
tRNA-Gln,"300852,67351"
tRNA-Gln,"300852,67351"
tRNA-Gln,"300852,67351"
tRNA(Lys),"9986,9606,469008"
mRNA,"9986,9606,469008"
tRNA(Val),"9986,9606,469008"
P site tRNAfmet,"83333,511693"
E-site tRNAfMet,"83333,511693"
mRNA,"83333,511693"
mRNA,"83333,469008"
tRNAfMet,"83333,469008"
Cytoplasmic 60S subunit biogenesis factor REH1,4932
Eukaryotic translation initiation factor 6,4932
P-tRNA CCA-end,"83333,1280"
Elongation factor Tu,562
tRNAPhe,562
tRNAfMet,562
tRNAfMet,562
mRNA,562
elongation factor G,"83333,562,1883"
elongation factor G,"83333,562,1883"
elongation factor G,"83333,562,1883"
elongation factor G,"83333,562,1883"
Viomycin,"83333,562,1883"
Viomycin,"83333,562,1883"
Viomycin,"83333,562,1883"
Elongation factor P,562
Proline tRNA,562
mRNA,562
Proline tRNA,562
tRNA,4932
mRNA,300852
E. coli tRNAfMet,300852
E. coli tRNAfMet,300852
E. coli tRNAfMet,300852
mRNA,300852
E. coli tRNAfMet,300852
E. coli tRNAfMet,300852
A-SITE TRNA G24A TRP-TRNA TRP,300852
A-SITE TRNA G24A TRP-TRNA TRP,300852
E-SITE TRNA PHE OR P-SITE TRNA PHE,300852
E-SITE TRNA PHE OR P-SITE TRNA PHE,300852
E-SITE TRNA PHE OR P-SITE TRNA PHE,300852
E-SITE TRNA PHE OR P-SITE TRNA PHE,300852
MRNA,300852
MRNA,300852
P-site tRNA fMet,300852
tRNA acceptor end mimic,300852
P-site tRNA fMet,300852
messenger RNA,300852
messenger RNA,300852
tRNA acceptor end mimic,300852
"Transcription termination factor 4, mitochondrial",9606
"Elongation factor Tu, mitochondrial",9606
MT-TRNAVAL,9606
E-site tRNA,"9986,9606,469008"
mRNA (truncated),"9986,9606,469008"
P-site tRNA,"9986,9606,469008"
ELONGATION FACTOR TU,300852
ELONGATION FACTOR TU,300852
MRNA,300852
E-SITE TRNA PHE OR P-SITE TRNA PHE,300852
E-SITE TRNA PHE OR P-SITE TRNA PHE,300852
MRNA,300852
E-SITE TRNA PHE OR P-SITE TRNA PHE,300852
E-SITE TRNA PHE OR P-SITE TRNA PHE,300852
A-SITE TRNA G24A TRP-TRNA TRP,300852
A-SITE TRNA G24A TRP-TRNA TRP,300852
nonstop mRNA,"4932,562"
yeast Phe-tRNA-Phe,"4932,562"
Peptide chain release factor 2,"83333,300852"
Peptide chain release factor 2,"83333,300852"
P-site tRNA fMet,"83333,300852"
P-site tRNA fMet,"83333,300852"
messenger RNA,"83333,300852"
messenger RNA,"83333,300852"
Elongation factor G,"262724,300852,274"
Elongation factor G,"262724,300852,274"
tRNA,"262724,300852,274"
tRNA,"262724,300852,274"
mRNA,"262724,300852,274"
tRNA,"262724,300852,274"
tRNA,"262724,300852,274"
mRNA,"262724,300852,274"
P-SITE TRNA FMET (UNMODIFIED BASES EXCEPT FOR THYMINE 54),300852
MRNA,300852
E-SITE TRNA PHE OR A-SITE TRNA PHE (UNMODIFIED BASES),300852
MRNA,300852
E-SITE TRNA PHE OR A-SITE TRNA PHE (UNMODIFIED BASES),300852
E-SITE TRNA PHE OR A-SITE TRNA PHE (UNMODIFIED BASES),300852
E-SITE TRNA PHE OR A-SITE TRNA PHE (UNMODIFIED BASES),300852
P-SITE TRNA FMET (UNMODIFIED BASES EXCEPT FOR THYMINE 54),300852
aminoacyl-tRNA fragment ACCPmn,4932
aminoacyl-tRNA fragment ACCPmn,4932
mRNA,300852
E-site tRNA,300852
mRNA,300852
A-site tRNA,300852
P-site tRNA,300852
A-site tRNA,300852
P-site tRNA,300852
E-site tRNA,300852
messenger RNA,"300852,262724"
P-site tRNA fMet,"300852,262724"
messenger RNA,"300852,262724"
tRNA acceptor end mimic,"300852,262724"
tRNA acceptor end mimic,"300852,262724"
P-site tRNA fMet,"300852,262724"
mRNA,562
E-site tRNA,562
P-site tRNA-fMet,562
A-site tRNA-val,562
mRNA,9986
A/P-Site tRNA,9986
P/E-Site tRNA,9986
mRNA,"562,1351,511693"
P-site fMet-tRNAfMet,"562,1351,511693"
Cadherin-1,9606
mRNA,9606
tRNA,9606
Selenocysteine-specific elongation factor,562
fMet-tRNAfMet,562
Sec-tRNASec,562
CCA 3' end of E-site tRNASec (low occupancy),562
SECIS mRNA,562
tRNA(gly),562
mRNA,562
Cytoplasmic 60S subunit biogenesis factor REH1,559292
Eukaryotic translation initiation factor 6,559292
Peptide chain release factor RF2,83333
Alternative ribosome-rescue factor A,83333
tRNA,83333
mRNA,83333
Peptide chain release factor RF3,"562,7460"
Apidaecin,"562,7460"
Peptide chain release factor RF1,"562,7460"
fMet-tRNA,"562,7460"
mRNA,"562,7460"
mRNA,562
tRNAfMet,562
tRNAfMet,562
tRNAPhe,562
tRNA Val,9606
Neuroguidin,9606
DDB1- and CUL4-associated factor 13,9606
Bystin,9606
Elongation factor G,83333
mRNA,83333
tRNA,83333
tRNA,83333
mRNA,"83333,469008"
tRNAfMet,"83333,469008"
tRNAfMet,83333
tRNAfMet,83333
tRNAPhe,83333
mRNA,83333
Peptide chain release factor 1,"262724,562"
Peptide chain release factor 1,"262724,562"
Peptide chain release factor 1,"262724,562"
Peptide chain release factor 1,"262724,562"
mRNA,"262724,562"
tRNA,"262724,562"
tRNA,"262724,562"
tRNA,"262724,562"
tRNA,"262724,562"
mRNA,"262724,562"
mRNA,"300852,83333,562"
mRNA,"300852,83333,562"
P-site fMet-tRNA,"300852,83333,562"
P-site fMet-tRNA,"300852,83333,562"
mRNA with 18 nt long spacer,562
E-site and P-site tRNA (fMet),562
E-site and P-site tRNA (fMet),562
mRNA,83333
glycine-tRNA,83333
A-site and E-site tRNAs,300852
P-site tRNA,300852
A-site and E-site tRNAs,300852
A-site and E-site tRNAs,300852
A-site and E-site tRNAs,300852
mRNA,300852
P-site tRNA,300852
mRNA,300852
P-tRNA,"9606,9986"
E-tRNA,"9606,9986"
mRNA,"9606,9986"
Elongation factor G,562
E-tRNA,562
P-tRNA,562
P-tRNAfMet,246196
mRNA,9606
tRNA,9606
Quinupristin,"83333,300852,32630"
Quinupristin,"83333,300852,32630"
Elongation factor Tu,562
tRNAfMet,562
mRNA,562
tRNAPhe,562
tRNAfMet,562
P-site tRNAfMet,300852
mRNA,300852
P-site tRNAfMet,300852
tRNA acceptor end mimic,300852
tRNA acceptor end mimic,300852
mRNA,300852
Apidaecin,562
Peptide chain release factor RF1,562
Peptide chain release factor RF3,562
mRNA,562
fMet-tRNA,562
"Ribosome-recycling factor, chloroplastic",3562
"Ribosome-binding factor PSRP1, chloroplastic",3562
Elongation factor Tu 2,562
mRNA,562
P-site fMet-tRNAfMet,562
P-site fMet-tRNAfMet,562
A/T-site Phe-tRNAPhe,562
ELONGATION FACTOR G,300852
ELONGATION FACTOR G,300852
E-SITE TRNA FMET OR P-SITE TRNA FMET (UNMODIFIED BASES EXCEPT FOR THYMINE 54),300852
MRNA,300852
E-SITE TRNA FMET OR P-SITE TRNA FMET (UNMODIFIED BASES EXCEPT FOR THYMINE 54),300852
E-SITE TRNA FMET OR P-SITE TRNA FMET (UNMODIFIED BASES EXCEPT FOR THYMINE 54),300852
MRNA,300852
E-SITE TRNA FMET OR P-SITE TRNA FMET (UNMODIFIED BASES EXCEPT FOR THYMINE 54),300852
Ribosome hibernation promoting factor,83333
E-site tRNA,83333
tRNA-met,"1217649,480119,1310637,1144663,1310678,52133,1144670,1217710,470,421052,1977881,1960940"
mRNA,"1217649,480119,1310637,1144663,1310678,52133,1144670,1217710,470,421052,1977881,1960940"
tRNA-fMet,"300852,32630"
mRNA,"300852,32630"
tRNA-fMet,"300852,32630"
E-Site tRNA-Phe or A-Site tRNA-Phe,"300852,32630"
E-Site tRNA-Phe or A-Site tRNA-Phe,"300852,32630"
mRNA,"300852,32630"
E-Site tRNA-Phe or A-Site tRNA-Phe,"300852,32630"
E-Site tRNA-Phe or A-Site tRNA-Phe,"300852,32630"
tRNAfMet,"83333,469008"
mRNA,"83333,469008"
P-site tRNA-fMet,"300852,585,562"
CC-puromycin,"300852,585,562"
CC-puromycin,"300852,585,562"
messenger RNA,"300852,585,562"
P-site tRNA-fMet,"300852,585,562"
messenger RNA,"300852,585,562"
P-tRNA fMet,"1283,93061"
glycine-tRNA glyT,"469008,9913"
Gamma-crystallin B,"469008,9913"
Elongation factor 1-alpha 1,9986
mRNA,9986
tRNA,9986
tRNA,9986
E-site tRNA,9986
Eukaryotic translation initiation factor 6,9606
P-tRNA(Leu),"224308,469008"
mRNA,"224308,469008"
VIRGINIAMYCIN S1,"562,1961"
Elongation factor Tu 2,"83333,562"
Phe-tRNA-Phe,"83333,562"
mRNA,"83333,562"
tRNA-fMet,"83333,562"
tRNA-fMet,"83333,562"
Translation initiation factor IF-2,562
messenger RNA,562
tRNA,562
ELONGATION FACTOR G,300852
ELONGATION FACTOR G,300852
MRNA,300852
MRNA,300852
tRNAfMet,300852
tRNAVal,300852
tRNAfMet,300852
tRNAVal,300852
mRNA,300852
mRNA,300852
tRNAVal,300852
tRNAVal,300852
tRNAfMet,83333
mRNA,83333
P-site tRNA,"9986,9606,469008"
mRNA,"9986,9606,469008"
E-site tRNA,"9986,9606,469008"
Viomycin,"300852,67351"
Viomycin,"300852,67351"
tRNA-Gln,"300852,67351"
tRNA-Gln,"300852,67351"
tRNA-Gln,"300852,67351"
tRNA-Met,"300852,67351"
tRNA-Met,"300852,67351"
tRNA-Gln,"300852,67351"
P-site tRNA,"300852,469008"
P-site tRNA,"300852,469008"
P-site tRNA,"300852,469008"
mRNA,"300852,469008"
mRNA,"300852,469008"
P-site tRNA,"300852,469008"
PEPTIDE CHAIN RELEASE FACTOR 2,300852
PEPTIDE CHAIN RELEASE FACTOR 2,300852
E-SITE TRNA PHE OR P-SITE TRNA PHE (UNMODIFIED BASES),300852
E-SITE TRNA PHE OR P-SITE TRNA PHE (UNMODIFIED BASES),300852
E-SITE TRNA PHE OR P-SITE TRNA PHE (UNMODIFIED BASES),300852
E-SITE TRNA PHE OR P-SITE TRNA PHE (UNMODIFIED BASES),300852
MRNA,300852
MRNA,300852
Elongation factor G,83333
tRNA,83333
mitochondrial Val tRNA,9606
mitochondrial tRNA,9606
mRNA,300852
A/P-site tRNA,300852
A/P-site tRNA,300852
mRNA,300852
E-site tRNA,300852
A/P-site tRNA,300852
A/P-site tRNA,300852
E-site tRNA,300852
ELONGATION FACTOR TU,300852
ELONGATION FACTOR TU,300852
E-SITE TRNA PHE OR P-SITE TRNA PHE,300852
MRNA,300852
MRNA,300852
A-SITE TRNA TRP-TRNA TRP,300852
E-SITE TRNA PHE OR P-SITE TRNA PHE,300852
A-SITE TRNA TRP-TRNA TRP,300852
E-SITE TRNA PHE OR P-SITE TRNA PHE,300852
E-SITE TRNA PHE OR P-SITE TRNA PHE,300852
Ribosome maturation factor RimP,562
Ribosome production factor 1,559292
Peptide chain release factor 1,262724
Peptide chain release factor 1,262724
A tRNA,"262724,274"
mRNA,"262724,274"
P-tRNA,"262724,274"
P-tRNA,"262724,274"
mRNA,"262724,274"
Elongation factor G,"83333,562,1883"
Viomycin,"83333,562,1883"
Viomycin,"83333,562,1883"
Elongation factor G,"83333,562,1883"
Viomycin,"83333,562,1883"
Viomycin,"83333,562,1883"
Elongation factor G,"83333,562,1883"
Elongation factor G,"83333,562,1883"
mRNA A-site fragment,300852
tRNA ASL Escherichia coli Arg2,300852
Elongation factor 2,9606
tRNA,9606
P-site tRNA,83333
mRNA,83333
E-site tRNA Phe,300852
P-site tRNA fMet,300852
messenger RNA,300852
Cytoplasmic 60S subunit biogenesis factor REH1,4932
Eukaryotic translation initiation factor 6,4932
Ribosome assembly factor MRT4,559292
Eukaryotic translation initiation factor 6,559292
Ribosome hibernation promoting factor,"246196,1772"
tRNA-fMet,"300852,274"
mRNA,"300852,274"
tRNA-fMet,"300852,274"
mRNA,"300852,274"
tRNA-Phe,"300852,274"
tRNA-fMet,"300852,274"
tRNA-Phe,"300852,274"
Peptidyl-tRNA analog ACCA-Leu-Phe,4932
Peptidyl-tRNA analog ACCA-Leu-Phe,4932
Messenger RNA,4932
Transfer RNA - Phe,4932
P-site tRNA fMet,300852
P-site tRNA fMet,300852
messenger RNA,300852
messenger RNA,300852
mRNA,300852
mRNA,300852
Eukaryotic translation initiation factor 5A-1,559292
A-site tRNA,559292
mRNA,559292
P-site tRNA,559292
MRNA 5'-R(*AP*AP*AP*AP*AP*AP*UP*GP*UP)-3',"300852,316385"
PE HYBRID STATE TRNA FMET,"300852,316385"
tRNA fMet,300852
messenger RNA,300852
tRNA fMet,300852
messenger RNA,300852
Messenger RNA,83333
Messenger RNA,83333
Valine-specific transfer RNA,83333
Valine-specific transfer RNA,83333
Valine-specific transfer RNA,83333
Valine-specific transfer RNA,83333
Valine-specific transfer RNA,83333
mRNA fragment,246196
tRNA-Phe anticodon stem,246196
A/P tRNA,9823
Messenger RNA,9823
P/E tRNA,9823
tRNA (Lys3),9986
polyA mRNA,9986
tRNA (Lys3),9986
Elongation factor Tu 2,83333
tRNAfMet,83333
tRNAfMet,83333
mRNA,83333
tRNAPhe,83333
Translation initiation factor RLI1,4932
Elongation factor Tu 2,562
tRNA-fMet,562
tRNA-fMet,562
mRNA,562
Phe-tRNA-Phe,562
mRNA,"300852,7536"
tRNA met,"300852,7536"
mRNA,"300852,7536"
tRNA met,"300852,7536"
Elongation factor Tu,562
tRNAfMet,562
tRNAPhe,562
mRNA,562
tRNAfMet,562
Elongation factor Tu,562
tRNAfMet,562
mRNA,562
tRNAfMet,562
tRNAPhe,562
Bystin,9606
DDB1- and CUL4-associated factor 13,9606
Cytoplasmic 60S subunit biogenesis factor REI1,4932
Eukaryotic translation initiation factor 6,4932
Peptide chain release factor 1,"262724,562"
Peptide chain release factor 1,"262724,562"
mRNA,"262724,562"
tRNA,"262724,562"
tRNA,"262724,562"
tRNA,"262724,562"
mRNA,"262724,562"
tRNA,"262724,562"
Eukaryotic translation initiation factor 3 subunit H,9986
Eukaryotic translation initiation factor 3 subunit A,9986
Eukaryotic translation initiation factor 3 subunit C,9986
Eukaryotic translation initiation factor 3 subunit L,9986
Eukaryotic translation initiation factor 3 subunit F,9986
Eukaryotic translation initiation factor 3 subunit M,9986
Eukaryotic translation initiation factor 3 subunit E,9986
Eukaryotic translation initiation factor 3 subunit K,9986
E-site and P-site tRNA (fMet),562
mRNA with 24 nt long spacer,562
E-site and P-site tRNA (fMet),562
tRNA-Tyr,300852
tRNA-Tyr,300852
mRNA,300852
mRNA,300852
tRNA-Tyr,300852
tRNA-Tyr,300852
P-tRNA,"9986,9606,9615"
messenger RNA,"9986,9606,9615"
E-tRNA,"9986,9606,9615"
Transcription factor BTF3,"9986,9606,562"
Tubulin Beta,"9986,9606,562"
P-site tRNA,"9986,9606,562"
mitochondrial Val tRNA,9606
mRNA,"9986,9606,469008"
tRNA(Lys),"9986,9606,469008"
tRNA(Val),"9986,9606,469008"
mRNA,9606
tRNA,9606
tRNA,9606
Eukaryotic translation initiation factor 2 subunit beta,"284590,4932,469008"
Eukaryotic translation initiation factor 1A,"284590,4932,469008"
Eukaryotic translation initiation factor 5,"284590,4932,469008"
Eukaryotic translation initiation factor 3 subunit B,"284590,4932,469008"
"eIF3c,Eukaryotic translation initiation factor 3 subunit C","284590,4932,469008"
Eukaryotic translation initiation factor 3 subunit I,"284590,4932,469008"
Eukaryotic translation initiation factor 2 subunit alpha,"284590,4932,469008"
Eukaryotic translation initiation factor 3 subunit A,"284590,4932,469008"
Eukaryotic translation initiation factor 3 subunit G,"284590,4932,469008"
Eukaryotic translation initiation factor 2 subunit gamma,"284590,4932,469008"
mRNA (31-MER),"284590,4932,469008"
tRNAi,"284590,4932,469008"
Ribosome hibernation promoting factor,246196
E-tRNAfMet,246196
Elongation factor 4,"300852,469008"
E site tRNA,"300852,469008"
P- site tRNA,"300852,469008"
mitochondrial Val tRNA,9606
messenger RNA,"300852,585,679895"
tRNA fMet,"300852,585,679895"
tRNA fMet,"300852,585,679895"
tRNA fMet,"300852,585,679895"
messenger RNA,"300852,585,679895"
tRNA fMet,"300852,585,679895"
mRNA,83333
tRNA,83333
tRNA,83333
Ribosome assembly factor MRT4,559292
Eukaryotic translation initiation factor 6,559292
domain 3 of PSIC IGR IRES RNA,262724
domain 3 of PSIC IGR IRES RNA,262724
Bystin,9606
P-site tRNA-fMet,300852
P-site tRNA-fMet,300852
messenger RNA,300852
messenger RNA,300852
mRNA (UGA stop codon),"9986,9606,469008"
E-site tRNA,"9986,9606,469008"
P-site tRNA,"9986,9606,469008"
tRNAfMet,562
tRNAfMet,562
tRNAPhe,562
mRNA,562
tRNA CCAend,"562,83333"
tRNAfMet,83333
tRNAPhe,83333
mRNA,83333
tRNAfMet,83333
Eukaryotic translation initiation factor 6,559292
Ribosome assembly factor MRT4,559292
glycine-tRNA glyT,"469008,9913"
Gamma-crystallin B,"469008,9913"
Pyrrhocoricin,"300852,37000"
Pyrrhocoricin,"300852,37000"
P-site tRNA,"300852,37000"
P-site tRNA,"300852,37000"
mRNA,"300852,37000"
mRNA,"300852,37000"
Eukaryotic translation initiation factor 6,"44689,9606,562"
messenger RNA,300852
tRNA acceptor end mimic,300852
messenger RNA,300852
P-site tRNA fMet,300852
tRNA acceptor end mimic,300852
P-site tRNA fMet,300852
Eukaryotic translation initiation factor 6,"759272,469008"
mitochondrial tRNAVal,9606
E-site and A-site tRNA (fMet),562
mRNA with 12 nt long spacer,562
E-site and A-site tRNA (fMet),562
mRNA,9606
P/E tRNA,9606
A/P tRNA,9606
Met-tRNA-iMet,"4932,562"
mRNA,"4932,562"
A-site and E-site tRNAs,300852
A-site and E-site tRNAs,300852
P-site tRNA,300852
A-site and E-site tRNAs,300852
mRNA,300852
P-site tRNA,300852
A-site and E-site tRNAs,300852
mRNA,300852
P-site tRNA,"300852,9913"
mRNA,"300852,9913"
mRNA,"300852,9913"
P-site tRNA,"300852,9913"
tRNA,9606
Toxin relE,"300852,83333,562"
Toxin relE,"300852,83333,562"
mRNA,300852
P-site tRNAfMet,300852
P-site tRNAfMet,300852
A-site tRNAAla(GGC) U32-A38,300852
A-site tRNAAla(GGC) U32-A38,300852
mRNA,300852
Ribosome production factor 1,559292
Eukaryotic translation initiation factor 6,559292
Ribosome assembly factor MRT4,559292
tRNA-fMet,169963
mRNA,300852
P-site tRNA,300852
A-site and E-site tRNAs,300852
P-site tRNA,300852
A-site and E-site tRNAs,300852
A-site and E-site tRNAs,300852
A-site and E-site tRNAs,300852
mRNA,300852
Cadherin-1,9606
PE tRNA,9606
mRNA,9606
AA tRNA,9606
Peptide chain release factor 2,562
mRNA,562
tRNAfMet,562
Quinupristin,"83333,300852,32630"
Quinupristin,"83333,300852,32630"
Peptide chain release factor 2,562
Alternative ribosome-rescue factor A,562
fMet-NH-tRNA(fMet),562
mRNA,562
TRNA FMET (UNMODIFIED BASES),300852
TRNA FMET (UNMODIFIED BASES),300852
TRNA FMET (UNMODIFIED BASES),300852
TRNA FMET (UNMODIFIED BASES),300852
MRNA,300852
TRNA FMET (UNMODIFIED BASES),300852
MRNA,300852
Ribosome hibernation promoting factor,"246196,1772"
A-site Met-tRNA(Met),"9986,2697049"
mRNA containing SARS-CoV-2 sequence,"9986,2697049"
P-site tRNA(Pro),"9986,2697049"
Elongation factor G,"83333,866768"
tRNAfMet,"83333,866768"
tRNAPro,"83333,866768"
mRNA,"83333,866768"
RIBOSOME RECYCLING FACTOR,300852
RIBOSOME RECYCLING FACTOR,300852
MRNA,300852
TRNA-FMET,300852
TRNA-FMET,300852
MRNA,300852
"Ribosome-recycling factor, mitochondrial",9606
mt-tRNAVal,9606
E-site tRNA,9606
Elongation factor Tu 2,83333
tRNALys,83333
tRNAfMet,83333
tRNAfMet,83333
mRNA,83333
A-site and E-site tRNAs,"300852,274"
P-site tRNA,"300852,274"
A-site and E-site tRNAs,"300852,274"
A-site and E-site tRNAs,"300852,274"
A-site and E-site tRNAs,"300852,274"
mRNA,"300852,274"
mRNA,"300852,274"
P-site tRNA,"300852,274"
Peptide chain release factor RF2,"83333,562"
Alternative ribosome-rescue factor A,"83333,562"
fMet-tRNA (P- and E-site),"83333,562"
fMet-tRNA (P- and E-site),"83333,562"
truncated mRNA,"83333,562"
mRNA,9986
P/E tRNA,9986
P-SITE tRNA,300852
E-SITE tRNA,300852
mRNA,300852
mRNA,300852
A-SITE tRNA,300852
A-SITE tRNA,300852
P-SITE tRNA,300852
E-SITE tRNA,300852
tRNA-Tyr,300852
tRNA-fMet,300852
tRNA-fMet,300852
mRNA,300852
tRNA-Tyr,300852
tRNA-Tyr,300852
tRNA-Tyr,300852
mRNA,300852
Elongation factor Tu,562
tRNAfMet,562
mRNA,562
tRNAfMet,562
tRNAPhe,562
P-site tRNA f-Met,300852
A-site tRNA Thr,300852
messenger RNA,300852
P-site tRNA f-Met,300852
A-site tRNA Thr,300852
messenger RNA,300852
Eukaryotic peptide chain release factor subunit 1,"9986,469008,2697049"
P-site Leu-tRNA(Leu),"9986,469008,2697049"
E-site tRNA,"9986,469008,2697049"
mRNA containing SARS-CoV-2 sequence,"9986,469008,2697049"
P-tRNA,562
mitochondrial Val tRNA,9606
mitochondrial tRNA,9606
Peptide chain release factor 1,562
mRNA,562
P-tRNA,562
fMet-NH-tRNA(fMet),562
mRNA,562
Eukaryotic translation initiation factor 6,"559292,4932,562"
tRNA-fMETi,1351
Bacterial peptide chain release factor 2 (RF-2),"262724,469008"
Bacterial peptide chain release factor 2 (RF-2),"262724,469008"
messenger RNA (5'-R(*AP*AP*UP*GP*UP*AP*G)-3'),"262724,469008"
P-site tRNA-fMet,"262724,469008"
messenger RNA (5'-R(*AP*AP*UP*GP*UP*AP*G)-3'),"262724,469008"
P-site tRNA-fMet,"262724,469008"
ELONGATION FACTOR G,300852
Z-site tRNA,9986
P-site tRNA,9986
mRNA,9986
E-site tRNA,"9986,9606,469008"
mRNA (UGA stop codon),"9986,9606,469008"
P-site tRNA,"9986,9606,469008"
mRNA,93061
messenger RNA,300852
tRNA acceptor end mimic,300852
P-site tRNA fMet,300852
P-site tRNA fMet,300852
tRNA acceptor end mimic,300852
messenger RNA,300852
Linopristin,"83333,300852,32630"
Linopristin,"83333,300852,32630"
Elongation factor Tu 2,"562,331111"
Phe-tRNA-Phe,"562,331111"
mRNA,"562,331111"
tRNA-fMet,"562,331111"
tRNA-fMet,"562,331111"
mRNA,562
tRNAPhe,562
tRNAfMet,562
mRNA A-site fragment,300852
tRNA ASL Escherichia coli Arg1,300852
tRNA CCAend,562
"Transcription termination factor 4, mitochondrial",9606
mitochondrial tRNAVal,9606
Peptide chain release factor 3,"562,469008"
tRNALys,300852
E. coli tRNAfMet,300852
tRNALys,300852
E. coli tRNAfMet,300852
tRNALys,300852
tRNALys,300852
mRNA,300852
mRNA,300852
"Transcription termination factor 4, mitochondrial",9606
mitochondrial tRNAVal,9606
phazolicin,"562,1223565"
messenger RNA,300852
P-site tRNA-fMet,300852
P-site tRNA-fMet,300852
messenger RNA,300852
mRNA,9606
P-site tRNA,9606
mitochondrial tRNAVal,9606
A-site tRNA with aminoacylation,9606
MRNA,300852
MRNA,300852
TRNA-FMET,300852
TRNA-FMET,300852
TRNA-FMET,300852
TRNA-FMET,300852
E-site and P-site tRNA (fMet),562
E-site and P-site tRNA (fMet),562
mRNA with 15 nt long spacer,562
Ala-tRNA (A/P-site),224308
A/P-site tRNA,300852
A/P-site tRNA,300852
mRNA,300852
mRNA,300852
A/P-site tRNA,300852
A/P-site tRNA,300852
E-site tRNA,300852
E-site tRNA,300852
"Addiction module toxin, Txe/YoeB family","300852,562"
"Addiction module toxin, Txe/YoeB family","300852,562"
"Addiction module toxin, Txe/YoeB family","300852,562"
"Addiction module toxin, Txe/YoeB family","300852,562"
mRNA,"300852,562"
tRNA-fMet,"300852,562"
tRNA-fMet,"300852,562"
mRNA,"300852,562"
tRNA-fMet,"300852,562"
tRNA-fMet,"300852,562"
Peptide chain release factor 2,562
mRNA,562
P-tRNA,562
Peptide chain release factor 1,"300852,585035,511693"
Peptide chain release factor 1,"300852,585035,511693"
P-site tRNA fMet,"300852,585035,511693"
messenger RNA,"300852,585035,511693"
P-site tRNA fMet,"300852,585035,511693"
messenger RNA,"300852,585035,511693"
A-site and E-site tRNAs,300852
A-site and E-site tRNAs,300852
mRNA,300852
A-site and E-site tRNAs,300852
A-site and E-site tRNAs,300852
mRNA,300852
P-site tRNA,300852
P-site tRNA,300852
tRNA,4932
mRNA,562
tRNAfMet,562
tRNAfMet,562
tRNA,9606
P-site tRNA,"9986,9606,562"
Peptide chain release factor RF2,"83333,562"
Alternative ribosome-rescue factor A,"83333,562"
fMet-tRNA (P- and E-site),"83333,562"
truncated mRNA,"83333,562"
fMet-tRNA (P- and E-site),"83333,562"
"Transcription termination factor 4, mitochondrial",9606
MT-TRNAVAL,9606
tRNALys,300852
tRNALys,300852
tRNALys,300852
mRNA,300852
tRNAfMet,300852
tRNAfMet,300852
mRNA,300852
tRNALys,300852
mRNA,83333
P-site tRNA,83333
Eukaryotic translation initiation factor 5,"284590,559292,4932,469008"
Eukaryotic translation initiation factor 2 subunit gamma,"284590,559292,4932,469008"
Eukaryotic translation initiation factor 1A,"284590,559292,4932,469008"
Eukaryotic translation initiation factor 2 subunit beta,"284590,559292,4932,469008"
Eukaryotic translation initiation factor 3 subunit A,"284590,559292,4932,469008"
Eukaryotic translation initiation factor 3 subunit B,"284590,559292,4932,469008"
Eukaryotic translation initiation factor 2 subunit alpha,"284590,559292,4932,469008"
Eukaryotic translation initiation factor 3 subunit G,"284590,559292,4932,469008"
Eukaryotic translation initiation factor 3 subunit I,"284590,559292,4932,469008"
tRNAi,"284590,559292,4932,469008"
mRNA (31-MER),"284590,559292,4932,469008"
P-site tRNA fMet,300852
P-site tRNA fMet,300852
E-Site tRNA Phe and A-site tRNA Phe,300852
mRNA,300852
E-Site tRNA Phe and A-site tRNA Phe,300852
E-Site tRNA Phe and A-site tRNA Phe,300852
E-Site tRNA Phe and A-site tRNA Phe,300852
mRNA,300852
P-site tRNAfMet,"83333,511693"
E-site tRNAfMet,"83333,511693"
mRNA,"83333,511693"
A-site tRNAPhe,"83333,511693"
Peptide chain release factor 1,562
mRNA,562
P-tRNA,562
Eukaryotic translation initiation factor 6,4932
tRNA-Ala,4932
P/E-tRNA,"9986,9606"
A/P-tRNA,"9986,9606"
mRNA,"9986,9606"
mRNA,562
tRNAPhe,562
tRNAfMet,562
tRNAfMet,562
P-site tRNA,300852
mRNA,300852
Cytidine-Puromycin,300852
mRNA,300852
P-site tRNA,300852
Cytidine-Puromycin,300852
tRNAfMet,562
mRNA,562
Eukaryotic translation initiation factor 6,559292
Peptide chain release factor 1,"300852,331111,562"
Peptide chain release factor 1,"300852,331111,562"
messenger RNA,"300852,331111,562"
P-site tRNA fMet,"300852,331111,562"
P-site tRNA fMet,"300852,331111,562"
messenger RNA,"300852,331111,562"
P-site tRNA,"300852,287,562"
Proline tRNA,"562,9606"
Titin,"562,9606"
"Transcription termination factor 4, mitochondrial",9606
Mitochondrial tRNAVal,9606
Alternative ribosome-rescue factor A,"83333,562,300852"
Peptide chain release factor 2,"83333,562,300852"
fMet-NH-tRNA(fMet),"83333,562,300852"
mRNA,"83333,562,300852"
P-tRNAfMet,246196
P-site tRNA,9606
mRNA,9606
P-site tRNA,9606
Cytoplasmic 60S subunit biogenesis factor REH1,4932
Eukaryotic translation initiation factor 6,4932
"Translation initiation factor IF-2, mitochondrial","9823,9606,562"
"CP tRNAPhe, mitochondrial","9823,9606,562"
"P-site fMet-tRNAMet, mitochondrial","9823,9606,562"
tRNAPhe,562
HIV frameshift stimulating sequence mRNA,562
tRNA,83333
tRNA,83333
mRNA,83333
"Ribosome-binding factor PSRP1, chloroplastic",3562
Cathelicidin-3,"300852,9913"
Cathelicidin-3,"300852,9913"
mRNA,"300852,9913"
mRNA,"300852,9913"
tRNAiMet,"300852,9913"
tRNAiMet,"300852,9913"
Elongation factor Tu,562
tRNAfMet,562
tRNAPhe,562
tRNAfMet,562
mRNA,562
Peptide chain release factor 2,"83333,224308,469008"
P-site tRNA-Pro(CGG),"83333,224308,469008"
mRNA,"83333,224308,469008"
Ribosomal silencing factor RsfS,83333
mRNA,"300852,469008"
Translation initiation factor IF-3,"300852,469008"
Translation initiation factor IF-1,"300852,469008"
CYTOPLASMIC 60S SUBUNIT BIOGENESIS FACTOR REI1,"559292,469008"
"Addiction module toxin, Txe/YoeB family","300852,562"
"Addiction module toxin, Txe/YoeB family","300852,562"
"Addiction module toxin, Txe/YoeB family","300852,562"
"Addiction module toxin, Txe/YoeB family","300852,562"
mRNA,"300852,562"
P-site tRNA-fMet,"300852,562"
P-site tRNA-fMet,"300852,562"
mRNA,"300852,562"
Ribosome-recycling factor,"83333,544404,300852"
Messenger RNA,"83333,544404,300852"
"Phenylalanine specific transfer RNA, tRNA-Phe","83333,544404,300852"
"Phenylalanine specific transfer RNA, tRNA-Phe","83333,544404,300852"
Messenger RNA,"83333,544404,300852"
A-site tRNA,"300852,469008"
P-site tRNA,"300852,469008"
mRNA,"300852,469008"
E-site tRNA,"300852,469008"
"RNA (5'-R(P*CP*CP*G)-3'), mRNA",562
proline tRNA,562
P-site tRNA fMet,300852
tRNA acceptor end mimic,300852
messenger RNA,300852
P-site tRNA fMet,300852
tRNA acceptor end mimic,300852
messenger RNA,300852
P-Site tRNA,9986
mRNA,9986
Deacylated tRNAi(Met),83333
P-tRNA,562
tRNAfMet,562
mRNA,562
tRNAPhe,562
tRNAfMet,562
Eukaryotic translation initiation factor 5A-1,559292
Elongation factor Tu,562
tRNAPhe,562
mRNA,562
tRNAfMet,562
tRNAfMet,562
Linopristin,"83333,32630,300852"
Linopristin,"83333,32630,300852"
Eukaryotic peptide chain release factor subunit 1,9606
P-site tRNA,9606
mRNA,9606
Eukaryotic elongation factor 2,9823
tRNAfMet,562
mRNA,562
mRNA,"300852,7536"
P-site tRNA,"300852,7536"
mRNA,"300852,7536"
P-site tRNA,"300852,7536"
mRNA,"83333,469008"
tRNAfMet,"83333,469008"
"Transcription termination factor 4, mitochondrial",9606
Mitochondrial tRNAVal,9606
messenger RNA,300852
P-site tRNA fMet,300852
P-site tRNA fMet,300852
messenger RNA,300852
tRNA,"262724,300852,83333,562"
tRNA,"262724,300852,83333,562"
mRNA,"262724,300852,83333,562"
tRNA,"262724,300852,83333,562"
tRNA,"262724,300852,83333,562"
mRNA,"262724,300852,83333,562"
Cadherin-1,9606
mRNA,9606
tRNALys,300852
mRNA,300852
tRNAfMet,300852
mRNA,300852
tRNALys,300852
tRNAfMet,300852
tRNALys,300852
tRNALys,300852
mt-tRNAVal,9606
mitochondrial tRNAVal,9606
Peptide chain release factor 2,562
P-tRNA,562
mRNA,562
tRNA,9606
tRNA,9606
mRNA,9606
P-site Arg-tRNA,83333
mRNA,83333
mRNA,"300852,9913"
P-site tRNA,"300852,9913"
mRNA,"300852,9913"
P-site tRNA,"300852,9913"
COLICIN-E3,"300852,562"
COLICIN-E3,"300852,562"
E-SITE TRNA PHE OR P-SITE TRNA PHE,"300852,562"
E-SITE TRNA PHE OR P-SITE TRNA PHE,"300852,562"
E-SITE TRNA PHE OR P-SITE TRNA PHE,"300852,562"
MRNA,"300852,562"
MRNA,"300852,562"
E-SITE TRNA PHE OR P-SITE TRNA PHE,"300852,562"
Toxin relE,"300852,83333,562"
Toxin relE,"300852,83333,562"
P-SITE AND A-SITE TRNA,9823
MRNA,9823
P-SITE AND A-SITE TRNA,9823
Alternative stalled-ribosome rescue factor B,"562,7460"
P-site tRNAPhe,"562,7460"
tRNA ASL Escherichia coli Arg1,300852
mRNA A-site fragment,300852
A-site and E-site tRNAs,300852
mRNA,300852
mRNA,300852
A-site and E-site tRNAs,300852
P-site tRNA,300852
P-site tRNA,300852
A-site and E-site tRNAs,300852
A-site and E-site tRNAs,300852
PEPTIDE CHAIN RELEASE FACTOR 2,300852
PEPTIDE CHAIN RELEASE FACTOR 2,300852
MRNA,300852
E-SITE TRNA PHE OR P-SITE TRNA PHE (UNMODIFIED BASES),300852
E-SITE TRNA PHE OR P-SITE TRNA PHE (UNMODIFIED BASES),300852
MRNA,300852
E-SITE TRNA PHE OR P-SITE TRNA PHE (UNMODIFIED BASES),300852
E-SITE TRNA PHE OR P-SITE TRNA PHE (UNMODIFIED BASES),300852
Peptide chain release factor 2,562
Alternative ribosome-rescue factor A,562
mRNA,562
P-site tRNA,562
tRNA-Ala,4932
Eukaryotic translation initiation factor 6,4932
Elongation factor P,"300852,562"
Elongation factor P,"300852,562"
"Ribosome-recycling factor, chloroplastic",3562
Midasin,4932
Ribosome assembly factor MRT4,4932
Eukaryotic translation initiation factor 6,4932
Ribosome hibernation promoting factor,"300852,562"
E-site tRNA,575584
mRNA,575584
tRNA-fMet,300852
tRNA-Lys,300852
mRNA,300852
mRNA,300852
tRNA-Lys,300852
tRNA-Lys,300852
tRNA-fMet,300852
tRNA-Lys,300852
Peptide chain release factor 1,"262724,562"
Peptide chain release factor 1,"262724,562"
mRNA,"262724,562"
mRNA,"262724,562"
Elongation factor Tu 2,83333
mRNA,83333
tRNAfMet,83333
tRNAfMet,83333
Phe-tRNAPhe,83333
ELONGATION FACTOR TU,300852
ELONGATION FACTOR TU,300852
E-SITE TRNA PHE OR P-SITE TRNA PHE,300852
E-SITE TRNA PHE OR P-SITE TRNA PHE,300852
MRNA,300852
A-SITE TRNA A9C TRP-TRNA TRP,300852
A-SITE TRNA A9C TRP-TRNA TRP,300852
E-SITE TRNA PHE OR P-SITE TRNA PHE,300852
E-SITE TRNA PHE OR P-SITE TRNA PHE,300852
MRNA,300852
"Transcription termination factor 4, mitochondrial",9606
mitochondrial Val tRNA,9606
E-site tRNA,3562
30S ribosome-binding factor,"83333,562"
Eukaryotic translation initiation factor 3 subunit C,9606
Eukaryotic translation initiation factor 3 subunit L,9606
Eukaryotic translation initiation factor 3 subunit K,9606
Eukaryotic translation initiation factor 1,9606
Eukaryotic translation initiation factor 3 subunit B,9606
Eukaryotic translation initiation factor 3 subunit J,9606
Eukaryotic translation initiation factor 3 subunit I,9606
Eukaryotic translation initiation factor 3 subunit E,9606
Eukaryotic translation initiation factor 3 subunit J,9606
Eukaryotic translation initiation factor 3 subunit F,9606
Eukaryotic translation initiation factor 3 subunit H,9606
Eukaryotic translation initiation factor 3 subunit A,9606
Eukaryotic translation initiation factor 3 subunit D,9606
Eukaryotic translation initiation factor 3 subunit M,9606
Trigger factor,"562,83333"
A-site tRNA,"562,83333"
E-site tRNA,"562,83333"
P-site tRNA,"562,83333"
"MT-CO3 mRNA, mitochondrial","9606,562,9823"
"P-site fMet-tRNAMet, mitochondrial","9606,562,9823"
"Translation initiation factor IF-2, mitochondrial","9606,562,9823"
Apidaecin,"83333,7460"
Peptide chain release factor RF1,"83333,7460"
mRNA,"83333,7460"
P-site Ile-tRNA,"83333,7460"
TOXIN OF THE YOEB-YEFM TOXIN-ANTITOXIN SYSTEM,"300852,83333,511693"
TOXIN OF THE YOEB-YEFM TOXIN-ANTITOXIN SYSTEM,"300852,83333,511693"
TOXIN OF THE YOEB-YEFM TOXIN-ANTITOXIN SYSTEM,"300852,83333,511693"
TOXIN OF THE YOEB-YEFM TOXIN-ANTITOXIN SYSTEM,"300852,83333,511693"
transfer RNA,"300852,83333,511693"
BACTERIAL TOXIN YOEB,"300852,83333,511693"
transfer RNA,"300852,83333,511693"
transfer RNA,"300852,83333,511693"
transfer RNA,"300852,83333,511693"
Ribosome maturation factor RimP,562
"Elongation factor G, mitochondrial",9606
mt-tRNAVal,9606
mt-tRNA,9606
mt-tRNA,9606
tRNA,"9606,469008,9986"
mRNA (polyadenylated),"9606,469008,9986"
tRNA,"9606,469008,9986"
tRNA (76-MER),300852
tRNA (5'-D(*AP*UP*CP*CP*CP*CP*GP*UP*GP*UP*CP*CP*UP*UP*GP*GP*UP*UP*CP*G)-3'),300852
mRNA,300852
mRNA,300852
P site trNA,300852
tRNA-met,480119
mRNA,480119
mRNA,83333
tRNAPro,83333
tRNAfMet,83333
Ribosomal silencing factor RsfS,511145
Elongation factor P,562
Proline tRNA,562
mRNA,562
P-SITE AND A-SITE TRNA,9823
MRNA,9823
P-SITE AND A-SITE TRNA,9823
MITORIBOSOMAL CP TRNA,9823
E-site tRNA,300852
mRNA,300852
P-site tRNA,300852
A-site tRNA,300852
P-site tRNA,300852
mRNA,300852
E-site tRNA,300852
A-site tRNA,300852
ELONGATION FACTOR TU,"300852,469008,562"
E-SITE or P-SITE TRNA FMET,"300852,469008,562"
MRNA,"300852,469008,562"
TMRNA DELA,"300852,469008,562"
E-SITE or P-SITE TRNA FMET,"300852,469008,562"
mRNA,562
PtRNA-Leu,562
P-site tRNA,300852
mRNA,300852
A/E-site tRNAs,300852
A/E-site tRNAs,300852
mRNA,300852
A/E-site tRNAs,300852
A/E-site tRNAs,300852
P-site tRNA,300852
P-site tRNA,300852
mRNA,300852
mRNA,300852
P-site tRNA,300852
Ribosome maturation factor RimP,"83333,562"
mitochondrial Val tRNA,9606
A-site and E-site tRNAs,300852
A-site and E-site tRNAs,300852
mRNA,300852
mRNA,300852
P-site tRNA,300852
A-site and E-site tRNAs,300852
A-site and E-site tRNAs,300852
P-site tRNA,300852
"Transcription termination factor 4, mitochondrial",9606
mitochondrial tRNAVal,9606
P-site tRNA fMet,300852
E-site tRNA Phe,300852
messenger RNA,300852
E-site and P-site tRNA (fMet),562
mRNA with 21 nt long spacer,562
E-site and P-site tRNA (fMet),562
E-site tRNA,575584
mRNA,575584
Deacylated tRNAi(Met),83333
fMet-Phe-tRNA(Phe),83333
tRNALys,300852
tRNAfMet,300852
tRNALys,300852
tRNAfMet,300852
tRNALys,300852
mRNA,300852
tRNALys,300852
mRNA,300852
"Transcription termination factor 4, mitochondrial",9606
mitochondrial tRNAVal,9606
mRNA,274
"P-site tRNA, Deacylated Initiator Methionyl-tRNA",274
"P-site tRNA, Deacylated Initiator Methionyl-tRNA",274
mRNA,274
mRNA,83333
P-site Arg-tRNA,83333
Translation initiation factor IF-2,562
mRNA,562
tRNA,562
Deacylated tRNAi(Met),83333
fMet-Phe-tRNA(Phe),83333
P-site tRNA Aspartate,562
mRNA,562
A-site Lysine tRNA Lysine,562
E-site tRNA Valine,562
Eukaryotic translation initiation factor 6,"559292,4932"
Ribosome production factor 1,"559292,4932"
Ala-tRNA (P-site),224308
Ala-tRNA (P-site),224308
mRNA,"300852,1931"
P-site tRNA,"300852,1931"
P-site tRNA,"300852,1931"
mRNA,"300852,1931"
Eukaryotic peptide chain release factor subunit 1,"9986,9606,562"
tRNA-Ala-UGC,224308
mRNA,300852
P-site tRNAfMet,300852
P-site tRNAfMet,300852
A-site tRNAAla(GGC) U32-A38,300852
A-site tRNAAla(GGC) U32-A38,300852
mRNA,300852
TRNA,9823
TRNA,9823
MITORIBOSOMAL CP TRNA,9823
Listerin,"9986,9606"
Listerin,"9986,9606"
Listerin,"9986,9606"
Listerin,"9986,9606"
Listerin,"9986,9606"
tRNA,"9986,9606"
Peptide chain release factor RF2,"83333,562"
mRNA,"83333,562"
tRNAfMet,"83333,562"
Alternative stalled-ribosome rescue factor B,"562,7460"
P-site tRNAPhe,"562,7460"
mRNA,"562,7460"
tRNA CCAend,562
Elongation factor Tu 2,83333
tRNAfMet,83333
tRNAfMet,83333
tRNALys,83333
mRNA,83333
mRNA,300852
mRNA,300852
mRNA,300852
A site ASL of tRNA-Proline CGG (unmodified),300852
A site ASL of tRNA-Proline CGG (unmodified),300852
P-site tRNA fMET,300852
tRNA acceptor end mimic,300852
mRNA,300852
P-site tRNA fMET,300852
tRNA acceptor end mimic,300852
mRNA,"272844,562"
Translation initiation factor 1A,"272844,562"
Klebsazolicin,"300852,574"
Klebsazolicin,"300852,574"
tRNA,"300852,574"
P-site tRNA,"300852,574"
tRNA,"300852,574"
"tRNA, A-site and E-site tRNAs","300852,574"
"tRNA, A-site and E-site tRNAs","300852,574"
mRNA,"300852,574"
mRNA,"300852,574"
P-site tRNA,"300852,574"
tRNA fMet,"300852,585,679895"
messenger RNA,"300852,585,679895"
messenger RNA,"300852,585,679895"
tRNA fMet,"300852,585,679895"
tRNA fMet,"300852,585,679895"
tRNA fMet,"300852,585,679895"
tRNA-Tyr,300852
mRNA,300852
tRNA-Tyr,300852
tRNA-fMet,300852
tRNA-fMet,300852
tRNA-Tyr,300852
mRNA,300852
tRNA-Tyr,300852
P-SITE TRNA FMET,300852
MRNA,300852
E-SITE TRNA PHE,300852
A-SITE PHE-TRNA PHE,300852
P-SITE TRNA FMET,300852
E-SITE TRNA PHE,300852
A-SITE PHE-TRNA PHE,300852
MRNA,300852
mRNA,83333
atRNA synthetic Stop tRNA (76-MER),83333
E-site val tRNA (76-MER),83333
P-site Isoleucine tRNA (77-MER),83333
Apidaecin,"562,7460"
Peptide chain release factor 3,"562,7460"
Peptide chain release factor RF1,"562,7460"
fMet-tRNA,"562,7460"
mRNA,"562,7460"
A-site and E-site tRNAs,"300852,32630"
A-site and E-site tRNAs,"300852,32630"
A-site and E-site tRNAs,"300852,32630"
mRNA,"300852,32630"
mRNA,"300852,32630"
P-site tRNA,"300852,32630"
P-site tRNA,"300852,32630"
A-site and E-site tRNAs,"300852,32630"
messenger RNA,300852
messenger RNA,300852
E-site tRNA,575584
E-site tRNA,575584
Elongation factor Tu 2,83333
mRNA,83333
tRNAPhe,83333
tRNAfMet,83333
tRNAfMet,83333
mRNA,"83333,663,562"
Gln-tRNA,"83333,663,562"
A-site and E-site tRNAs,300852
mRNA,300852
A-site and E-site tRNAs,300852
A-site and E-site tRNAs,300852
P-site tRNA,300852
A-site and E-site tRNAs,300852
mRNA,300852
P-site tRNA,300852
Mitochondrial transcription rescue factor 1,9606
"Probable peptide chain release factor C12orf65, mitochondrial",9606
mt-tRNAVal,9606
mt-tRNA,9606
Z-site tRNA,9986
Elongation factor 4,"83333,562"
mRNA,"83333,562"
tRNA,"83333,562"
tRNA,"83333,562"
tRNA,"83333,562"
Ribosomal silencing factor RsfS,83333
Eukaryotic translation initiation factor 6,4932
Ribosome assembly factor MRT4,4932
P-site tRNA,300852
E-site tRNA,300852
mRNA,300852
mRNA,300852
E-site tRNA,300852
P-site tRNA,300852
A-site tRNA,300852
A-site tRNA,300852
Ribosome assembly factor MRT4,4932
Eukaryotic translation initiation factor 6,4932
SECIS mRNA,562
fMet-tRNAfMet,562
mRNA,83333
tRNA,83333
mRNA,"9986,9606,469008"
tRNA(Val),"9986,9606,469008"
tRNA(Lys),"9986,9606,469008"
Peptide chain release factor 3,"562,469008,1883"
Viomycin,"562,469008,1883"
mRNA,562
PtRNA (Leu),562
AtRNA (Arg),562
E-site tRNA,300852
P-site tRNA,300852
P-site tRNA,300852
A-site tRNA,300852
mRNA,300852
E-site tRNA,300852
mRNA,300852
A-site tRNA,300852
Peptide chain release factor 1,562
mRNA,562
tRNA(fMet),562
tRNA(fMet),562
Ribosome modulation factor,"300852,83333,562"
Ribosome modulation factor,"300852,83333,562"
HIV frameshift stimulating sequence mRNA,562
tRNAPhe,562
tRNAfMet,83333
mRNA,83333
tRNAPhe,83333
Peptide chain release factor 2,"274,562"
Peptide chain release factor 2,"274,562"
mRNA,"274,562"
E-site tRNA PHE OR P-site tRNA PHE (unmodified bases),"274,562"
E-site tRNA PHE OR P-site tRNA PHE (unmodified bases),"274,562"
E-site tRNA PHE OR P-site tRNA PHE (unmodified bases),"274,562"
E-site tRNA PHE OR P-site tRNA PHE (unmodified bases),"274,562"
mRNA,"274,562"
ELONGATION FACTOR TU-A,300852
ELONGATION FACTOR TU-A,300852
E-SITE TRNA PHE OR P-SITE TRNA PHE,300852
E-SITE TRNA PHE OR P-SITE TRNA PHE,300852
MRNA,300852
MRNA,300852
E-SITE TRNA PHE OR P-SITE TRNA PHE,300852
A-SITE TRNA THR,300852
A-SITE TRNA THR,300852
E-SITE TRNA PHE OR P-SITE TRNA PHE,300852
tRNA-Phe,300852
mRNA,300852
tRNA-fMet,300852
tRNA-Phe,300852
tRNA-Phe,300852
tRNA-fMet,300852
mRNA,300852
tRNA-Phe,300852
mRNA,83333
E-site tRNA(Phe),83333
A/T tRNA(Phe),83333
P-site fMet-tRNA(fMet),83333
mRNA with 24 nt long spacer,562
E-site and P-site tRNA (fMet),562
E-site and P-site tRNA (fMet),562
mRNA,93061
P-site tRNA,93061
Eukaryotic peptide chain release factor subunit 1,9606
P-tRNA,9606
mRNA,9606
Ribosome hibernation promoting factor,679895
Ribosome modulation factor,679895
tRNA,679895
Ribosomal silencing factor RsfS,83333
Elongation factor 4,"83333,562"
tRNA,"83333,562"
tRNA,"83333,562"
mRNA,"83333,562"
tRNA,1351
mRNA,1351
Elongation factor Tu 2,562
tRNA-fMet,562
Phe-tRNA-Phe,562
tRNA-fMet,562
mRNA,562
tRNA,36329
Eukaryotic translation initiation factor 6,559292
Ribosome assembly factor MRT4,559292
Elongation factor Tu 2,562
mRNA,562
tRNA-fMet,562
tRNA-fMet,562
tRNA-Phe,562
P-site tRNA fMet,300852
P-site tRNA fMet,300852
messenger RNA,300852
messenger RNA,300852
tRNA acceptor end mimic,300852
tRNA acceptor end mimic,300852
Elongation factor Tu,562
tRNAPhe,562
tRNAfMet,562
mRNA,562
tRNAfMet,562
Eukaryotic translation initiation factor 5A-1,559292
mRNA,83333
tRNAfMet,83333
tRNAfMet,83333
tRNAPro,83333
mRNA,224308
tRNA-Asp,224308
"Ribosome recycling factor, RRF",83333
A/A site tRNA,9606
mRNA,9606
P/E site tRNA,9606
E-site tRNA,4932
P-site tRNAfMET,262724
E-site tRNA,262724
MRNA,262724
Dityromycin,"274,1931"
Dityromycin,"274,1931"
E-site tRNAAla(GGC),300852
P-site tRNAfMet,300852
E-site tRNAAla(GGC),300852
mRNA,300852
P-site tRNAfMet,300852
A-site tRNAAla(GGC),300852
A-site tRNAAla(GGC),300852
mRNA,300852
tRNAfMet,"83333,469008"
mRNA,"83333,469008"
mRNA,300852
P-site tRNA-Pro,300852
P-site tRNA-Pro,300852
mRNA,300852
mRNA,83333
tRNAPhe,83333
tRNAfMet,83333
tRNA-fMet,93061
Ribosome hibernation promoting factor,1280
Cytoplasmic 60S subunit biogenesis factor REH1,4932
Eukaryotic translation initiation factor 6,4932
Nicalin,9606
tRNA,9606
tRNA,9606
mitochondrial tRNAVal,"9606,469008"
mRNA,300852
mRNA,300852
"Ribosome-recycling factor, mitochondrial",9606
tRNAVAL,9606
ribosome recycling factor,"83333,511693"
messenger RNA,"83333,511693"
phenylalanine specific transfer RNA,"83333,511693"
messenger RNA,"83333,511693"
phenylalanine specific transfer RNA,"83333,511693"
Elongation factor G,"300852,562"
PE hybrid state tRNA Phe,"300852,562"
mRNA,"300852,562"
Translation initiation factor RLI1,559292
Eukaryotic translation initiation factor 3 subunit J,559292
Eukaryotic translation initiation factor 3 subunit J,559292
Val tRNA,9986
Ribosome hibernation promoting factor,1280
ELONGATION FACTOR TU,300852
A-SITE TRNA G24A TRP-TRNA TRP,300852
E-SITE TRNA PHE OR P-SITE TRNA PHE,300852
E-SITE TRNA PHE OR P-SITE TRNA PHE,300852
MRNA,300852
Cathelicidin-3,"300852,562,9913"
Cathelicidin-3,"300852,562,9913"
P-site tRNA,"300852,562,9913"
mRNA,"300852,562,9913"
P-site tRNA,"300852,562,9913"
mRNA,"300852,562,9913"
P-site tRNA fMet,562
mRNA,562
Alternative ribosome-rescue factor A,562
Peptide chain release factor 2,562
Elongation factor G,562
mRNA,562
P/E-tRNA,562
"P-site fMet-tRNAMet, mitochondrial","9823,9606,562"
"tRNA-Phe, mitochondrial","9823,9606,562"
"MT-CO3 mRNA, mitochondrial","9823,9606,562"
P-site tRNA,"300852,562"
E-site tRNA,"300852,562"
mRNA,"300852,562"
tRNA-Val,562
tRNA-Met,562
mRNA,562
transfer-messenger RNA (tmRNA),562
Bacterial peptide chain release factor 2 (RF-2),274
Bacterial peptide chain release factor 2 (RF-2),274
P AND E-SITE TRNA(FMET),274
MRNA,274
P AND E-SITE TRNA(FMET),274
P AND E-SITE TRNA(FMET),274
P AND E-SITE TRNA(FMET),274
MRNA,274
mRNA,562
P-site fMet-Phe-tRNA(Phe),562
tRNA CCA-end acetylated (Phe),246196
P-site tRNA,300852
mRNA,300852
A-site tRNA,300852
P-site tRNA,300852
mRNA,300852
E-site tRNA,300852
E-site tRNA,300852
A-site tRNA,300852
eukaryotic elongation factor 2 (eEF2),"9986,194966"
P/P-site-tRNA,"9986,194966"
E/E-site-tRNA,"9986,194966"
mRNA,"9986,194966"
Elongation factor G,"300852,469008"
tRNA-Phe,"300852,469008"
mRNA,"300852,469008"
Elongation factor 2,9606
tRNA,9606
mRNA,"300852,469008"
tRNAi,"300852,469008"
Translation initiation factor IF-3,"300852,469008"
tRNAval,9606
mRNA,9606
tRNA,9606
Ribosomal silencing factor RsfS,"1280,469008,93061"
Ribosomal silencing factor RsfS,"1280,469008,93061"
P-site tRNA,"300852,7536"
P-site tRNA,"300852,7536"
mRNA,"300852,7536"
mRNA,"300852,7536"
P-site tRNA,"9986,9606,469008"
E-site tRNA,"9986,9606,469008"
mRNA (UGA stop codon),"9986,9606,469008"
tRNAPhe,562
tRNAfMet,562
tRNAfMet,562
mRNA,562
E-site tRNA Valine,"83333,562"
P-site tRNA Aspartate,"83333,562"
mRNA,"83333,562"
TRNA-FMET,300852
TRNA-FMET,300852
MRNA,300852
MRNA,300852
mRNA 5'-AUG-3',"1144670,480119,1217710,1217649,470,1310637,421052,1144663,1977881,1960940,1310678,52133"
tRNA-met,"1144670,480119,1217710,1217649,470,1310637,421052,1144663,1977881,1960940,1310678,52133"
Peptide chain release factor 2,562
Alternative ribosome-rescue factor A,562
E-site or P-site tRNA fMet,562
mRNA,562
E-site or P-site tRNA fMet,562
P-site tRNA,4932
The A-site tRNA was modeled based on an E. coli tRNA-Lys,4932
Eukaryotic translation initiation factor 5A-1,4932
Ribosome-recycling factor,"300852,469008"
Ribosome-recycling factor,"300852,469008"
mRNA,"300852,469008"
mRNA,"300852,469008"
P-site and E-site tRNAs,"300852,469008"
P-site and E-site tRNAs,"300852,469008"
P-site and E-site tRNAs,"300852,469008"
P-site and E-site tRNAs,"300852,469008"
Metalnikowin I,"300852,83333,469008,55431"
Metalnikowin I,"300852,83333,469008,55431"
Elongation factor G,"262724,1883"
VIOMYCIN,"262724,1883"
Elongation factor G,"262724,1883"
VIOMYCIN,"262724,1883"
transfer RNA,"262724,1883"
messenger RNA,"262724,1883"
transfer RNA,"262724,1883"
messenger RNA,"262724,1883"
messenger RNA,300852
P-site tRNA SufA6,300852
messenger RNA,300852
P-site tRNA SufA6,300852
mRNA,"272844,562,273057"
initiator Met-tRNA fMet from E. coli (A1U72 variant),"272844,562,273057"
"Ubiquitin, putative",5722
P-site tRNA-fMet,"300852,585,562"
CC-puromycin,"300852,585,562"
messenger RNA,"300852,585,562"
messenger RNA,"300852,585,562"
CC-puromycin,"300852,585,562"
P-site tRNA-fMet,"300852,585,562"
Elongation factor G,"83333,866768"
mRNA,"83333,866768"
tRNAPro,"83333,866768"
tRNAfMet,"83333,866768"
initiator Met-tRNA fMet from E. coli (A1U72 variant),"272844,562"
Translation initiation factor 1A,"272844,562"
"Ribosome-binding factor PSRP1, chloroplastic",3562
tRNA-Phe,3562
A-tRNA (Arg),562
P-tRNA (leu),562
mRNA,562
Elongation factor Tu 2,83333
tRNAfMet,83333
tRNALys,83333
mRNA,83333
tRNAfMet,83333
Ribosome production factor 1,1247190
Eukaryotic translation initiation factor 6,1247190
MRNA,562
PHE TRNA (UNMODIFIED BASES),562
MRNA,562
PHE TRNA (UNMODIFIED BASES),562
A-site and E-site tRNAs,300852
P-site tRNA,300852
mRNA,300852
A-site and E-site tRNAs,300852
A-site and E-site tRNAs,300852
P-site tRNA,300852
A-site and E-site tRNAs,300852
mRNA,300852
tRNAPhe,562
HIV1 frameshift stimulating sequence mRNA,562
"Translation initiation factor IF-3, mitochondrial",9606
Oncocin,"300852,7536"
Oncocin,"300852,7536"
Initiator Methionine tRNA,"300852,7536"
mRNA,"300852,7536"
Initiator Methionine tRNA,"300852,7536"
mRNA,"300852,7536"
Eukaryotic peptide chain release factor subunit 1,"9986,9606,469008"
mRNA (UGA stop codon),"9986,9606,469008"
E-site tRNA,"9986,9606,469008"
P-site tRNA,"9986,9606,469008"
E-site tRNA,9606
Endothelial differentiation-related factor 1,9606
mRNA,224308
P-tRNA,224308
Elongation factor G,"262724,1883"
Elongation factor G,"262724,1883"
VIOMYCIN,"262724,1883"
VIOMYCIN,"262724,1883"
messenger RNA,"262724,1883"
transfer RNA,"262724,1883"
transfer RNA,"262724,1883"
messenger RNA,"262724,1883"
Bystin,9606
P-tRNAfMet,246196
tRNA-Phe,300852
mRNA,300852
tRNA-Phe,300852
tRNA-Phe,300852
tRNA-Phe,300852
mRNA,300852
tRNA-Phe,300852
tRNA-Phe,300852
P-site tRNA CHAIN,93061
mRNA,93061
E-site tRNA CHAIN,93061
"Elongation factor G, mitochondrial",9606
tRNAval,9606
transfer-messenger RNA (tmRNA),"300852,562,262724"
tRNA-Phe,"300852,562,262724"
tRNA-fMet,"300852,562,262724"
mRNA,"300852,562,262724"
tRNA,83333
mRNA,83333
tRNA,83333
"Addiction module toxin, Txe/YoeB family","300852,562"
"Addiction module toxin, Txe/YoeB family","300852,562"
"Addiction module toxin, Txe/YoeB family","300852,562"
"Addiction module toxin, Txe/YoeB family","300852,562"
P-site tRNA-fMet,"300852,562"
P-site tRNA-fMet,"300852,562"
P-site tRNA-fMet,"300852,562"
P-site tRNA-fMet,"300852,562"
mRNA,"300852,562"
mRNA,"300852,562"
Elongation factor G,262724
Elongation factor G,262724
messenger RNA,262724
messenger RNA,262724
transfer RNA,262724
transfer RNA,262724
A-site and E-site tRNAs,300852
P-site tRNA,300852
mRNA,300852
A-site and E-site tRNAs,300852
A-site and E-site tRNAs,300852
mRNA,300852
P-site tRNA,300852
A-site and E-site tRNAs,300852
P-site tRNA,"300852,469008"
mRNA,"300852,469008"
mRNA,"300852,469008"
A-site tRNA,"300852,469008"
E-site tRNA,"300852,469008"
A-site tRNA,"300852,469008"
E-site tRNA,"300852,469008"
P-site tRNA,"300852,469008"
"P-site tRNA, Deacylated Initiator Methionyl-tRNA",274
"P-site tRNA, Deacylated Initiator Methionyl-tRNA",274
mRNA,274
mRNA,274
Elongation factor Tu,"83333,562"
mRNA,"83333,562"
tRNAfMet,"83333,562"
tRNAfMet,"83333,562"
tRNAPhe,"83333,562"
E-site tRNA,36329
E-site tRNA,575584
E-site tRNA,575584
tRNAfMet,83333
tRNAPhe,83333
mRNA,83333
tRNAfMet,83333
CCA 3' end of E-site tRNASec (low occupancy),562
tRNAfMet,562
fMetSec-tRNASec,562
SECIS mRNA,562
Eukaryotic translation initiation factor 6,559292
Ribosome assembly factor MRT4,559292
mRNA,300852
E-site tRNA-Pro,300852
mRNA,300852
E-site tRNA-Pro,300852
Elongation factor G,"83333,866768"
tRNAPro,"83333,866768"
mRNA,"83333,866768"
tRNAfMet,"83333,866768"
Alternative stalled-ribosome rescue factor B,"562,7460"
mRNA,"562,7460"
P/E-site tRNAPhe,"562,7460"
Capreomycin,"1773,67351"
Mitochondrial domain of uncharacterised function (DUF1713),"1773,67351"
eukaryotic elongation factor 2 (eEF2),9986
mRNA,9986
ap/P-site tRNA,9986
pe/E-site-tRNA,9986
E site tRNA (75-MER),9606
tRNA (76-MER),559292
tRNA (75-MER),559292
"Midasin,Midasin","759272,469008"
P-site tRNA,9606
mRNA,9606
mitochondrial tRNAVal,9606
A-site tRNA,9606
mRNA,9606
tRNA,9606
tRNA,9606
P-site tRNAfMet,"83333,511693"
A-site tRNAPhe,"83333,511693"
E-site tRNAfMet,"83333,511693"
mRNA,"83333,511693"
mt-tRNA,"9606,262724"
mt-tRNA,"9606,262724"
mt-tRNAVal,"9606,262724"
P-site tRNA,300852
mRNA,300852
E-site tRNA Acceptor Stem,300852
E-site tRNA Acceptor Stem,300852
mRNA,300852
P-site tRNA,300852
E-SITE TRNA ILE2 AGMATIDINE OR P-SITE TRNA ILE2 AGMATIDINE,300852
E-SITE TRNA ILE2 AGMATIDINE OR P-SITE TRNA ILE2 AGMATIDINE,300852
A-SITE TRNA ILE2 AGMATIDINE,300852
E-SITE TRNA ILE2 AGMATIDINE OR P-SITE TRNA ILE2 AGMATIDINE,300852
E-SITE TRNA ILE2 AGMATIDINE OR P-SITE TRNA ILE2 AGMATIDINE,300852
A-SITE TRNA ILE2 AGMATIDINE,300852
MRNA,300852
MRNA,300852
P-site tRNA-fMet,262724
messenger RNA (5'-R(*AP*AP*UP*GP*UP*AP*G)-3'),262724
messenger RNA (5'-R(*AP*AP*UP*GP*UP*AP*G)-3'),262724
P-site tRNA-fMet,262724
tRNA-met,480119
mRNA,480119
P-site tRNA-fMet,300852
messenger RNA,300852
messenger RNA,300852
P-site tRNA-fMet,300852
Peptide chain release factor 2,562
Alternative ribosome-rescue factor A,562
mRNA,562
fMet-NH-tRNA(fMet),562
tRNAThr,300852
tRNAThr,300852
tRNAThr,300852
tRNAfMet,300852
tRNAfMet,300852
tRNAThr,300852
tRNA fMet,300852
tRNA fMet,300852
tRNA fMet,300852
messenger RNA,300852
tRNA fMet,300852
messenger RNA,300852
Ribosome hibernation promotion factor,"93061,511693"